<?xml version="1.0" encoding="UTF-8"?>
<configurationDescriptor version="94">
  <logicalFolder name="root" displayName="root" projectFiles="true" kind="ROOT">
    <logicalFolder name="HeaderFiles"
                   displayName="Header Files"
                   projectFiles="true">
      <itemPath>Action.h</itemPath>
      <itemPath>DialogueXMLreader.h</itemPath>
      <itemPath>Inventory.h</itemPath>
      <itemPath>Link.h</itemPath>
      <itemPath>Object.h</itemPath>
      <itemPath>Player.h</itemPath>
      <itemPath>Reglas_dialogo.h</itemPath>
      <itemPath>Set.h</itemPath>
      <itemPath>Space.h</itemPath>
      <itemPath>Types.h</itemPath>
      <itemPath>UtilCadena.h</itemPath>
      <itemPath>World.h</itemPath>
      <itemPath>WorldXMLReader.h</itemPath>
    </logicalFolder>
    <logicalFolder name="ResourceFiles"
                   displayName="Resource Files"
                   projectFiles="true">
    </logicalFolder>
    <logicalFolder name="SourceFiles"
                   displayName="Source Files"
                   projectFiles="true">
      <itemPath>Action.c</itemPath>
      <itemPath>DialogueXMLreader.c</itemPath>
      <itemPath>Inventory.c</itemPath>
      <itemPath>Link.c</itemPath>
      <itemPath>Object.c</itemPath>
      <itemPath>Player.c</itemPath>
      <itemPath>Reglas_dialogo.c</itemPath>
      <itemPath>Set.c</itemPath>
      <itemPath>Space.c</itemPath>
      <itemPath>UtilCadena.c</itemPath>
      <itemPath>World.c</itemPath>
      <itemPath>WorldXMLReader.c</itemPath>
      <itemPath>main.c</itemPath>
    </logicalFolder>
    <logicalFolder name="TestFiles"
                   displayName="Test Files"
                   projectFiles="false"
                   kind="TEST_LOGICAL_FOLDER">
    </logicalFolder>
    <logicalFolder name="ExternalFiles"
                   displayName="Important Files"
                   projectFiles="false"
                   kind="IMPORTANT_FILES_FOLDER">
      <itemPath>Makefile</itemPath>
    </logicalFolder>
  </logicalFolder>
  <projectmakefile>Makefile</projectmakefile>
  <confs>
    <conf name="Debug" type="1">
      <toolsSet>
        <compilerSet>default</compilerSet>
        <dependencyChecking>true</dependencyChecking>
        <rebuildPropChanged>false</rebuildPropChanged>
      </toolsSet>
      <compileType>
        <cTool>
          <commandlineTool>gcc </commandlineTool>
          <commandLine>`xml2-config --cflags`</commandLine>
        </cTool>
        <linkerTool>
          <commandLine>`xml2-config --libs`</commandLine>
        </linkerTool>
      </compileType>
      <item path="Action.c" ex="false" tool="0" flavor2="0">
      </item>
      <item path="Action.h" ex="false" tool="3" flavor2="0">
      </item>
      <item path="DialogueXMLreader.c" ex="false" tool="0" flavor2="0">
      </item>
      <item path="DialogueXMLreader.h" ex="false" tool="3" flavor2="0">
      </item>
      <item path="Inventory.c" ex="false" tool="0" flavor2="0">
      </item>
      <item path="Inventory.h" ex="false" tool="3" flavor2="0">
      </item>
      <item path="Link.c" ex="false" tool="0" flavor2="0">
      </item>
      <item path="Link.h" ex="false" tool="3" flavor2="0">
      </item>
      <item path="Object.c" ex="false" tool="0" flavor2="0">
      </item>
      <item path="Object.h" ex="false" tool="3" flavor2="0">
      </item>
      <item path="Player.c" ex="false" tool="0" flavor2="0">
      </item>
      <item path="Player.h" ex="false" tool="3" flavor2="0">
      </item>
      <item path="Reglas_dialogo.c" ex="false" tool="0" flavor2="0">
      </item>
      <item path="Reglas_dialogo.h" ex="false" tool="3" flavor2="0">
      </item>
      <item path="Set.c" ex="false" tool="0" flavor2="0">
      </item>
      <item path="Set.h" ex="false" tool="3" flavor2="0">
      </item>
      <item path="Space.c" ex="false" tool="0" flavor2="0">
      </item>
      <item path="Space.h" ex="false" tool="3" flavor2="0">
      </item>
      <item path="Types.h" ex="false" tool="3" flavor2="0">
      </item>
      <item path="UtilCadena.c" ex="false" tool="0" flavor2="0">
      </item>
      <item path="UtilCadena.h" ex="false" tool="3" flavor2="0">
      </item>
      <item path="World.c" ex="false" tool="0" flavor2="0">
      </item>
      <item path="World.h" ex="false" tool="3" flavor2="0">
      </item>
      <item path="WorldXMLReader.c" ex="false" tool="0" flavor2="0">
      </item>
      <item path="WorldXMLReader.h" ex="false" tool="3" flavor2="0">
      </item>
      <item path="main.c" ex="false" tool="0" flavor2="0">
      </item>
    </conf>
    <conf name="Release" type="1">
      <toolsSet>
        <compilerSet>default</compilerSet>
        <dependencyChecking>true</dependencyChecking>
        <rebuildPropChanged>false</rebuildPropChanged>
      </toolsSet>
      <compileType>
        <cTool>
          <developmentMode>5</developmentMode>
        </cTool>
        <ccTool>
          <developmentMode>5</developmentMode>
        </ccTool>
        <fortranCompilerTool>
          <developmentMode>5</developmentMode>
        </fortranCompilerTool>
        <asmTool>
          <developmentMode>5</developmentMode>
        </asmTool>
      </compileType>
      <item path="Action.c" ex="false" tool="0" flavor2="0">
      </item>
      <item path="Action.h" ex="false" tool="3" flavor2="0">
      </item>
      <item path="DialogueXMLreader.c" ex="false" tool="0" flavor2="0">
      </item>
      <item path="DialogueXMLreader.h" ex="false" tool="3" flavor2="0">
      </item>
      <item path="Inventory.c" ex="false" tool="0" flavor2="0">
      </item>
      <item path="Inventory.h" ex="false" tool="3" flavor2="0">
      </item>
      <item path="Link.c" ex="false" tool="0" flavor2="0">
      </item>
      <item path="Link.h" ex="false" tool="3" flavor2="0">
      </item>
      <item path="Object.c" ex="false" tool="0" flavor2="0">
      </item>
      <item path="Object.h" ex="false" tool="3" flavor2="0">
      </item>
      <item path="Player.c" ex="false" tool="0" flavor2="0">
      </item>
      <item path="Player.h" ex="false" tool="3" flavor2="0">
      </item>
      <item path="Reglas_dialogo.c" ex="false" tool="0" flavor2="0">
      </item>
      <item path="Reglas_dialogo.h" ex="false" tool="3" flavor2="0">
      </item>
      <item path="Set.c" ex="false" tool="0" flavor2="0">
      </item>
      <item path="Set.h" ex="false" tool="3" flavor2="0">
      </item>
      <item path="Space.c" ex="false" tool="0" flavor2="0">
      </item>
      <item path="Space.h" ex="false" tool="3" flavor2="0">
      </item>
      <item path="Types.h" ex="false" tool="3" flavor2="0">
      </item>
      <item path="UtilCadena.c" ex="false" tool="0" flavor2="0">
      </item>
      <item path="UtilCadena.h" ex="false" tool="3" flavor2="0">
      </item>
      <item path="World.c" ex="false" tool="0" flavor2="0">
      </item>
      <item path="World.h" ex="false" tool="3" flavor2="0">
      </item>
      <item path="WorldXMLReader.c" ex="false" tool="0" flavor2="0">
      </item>
      <item path="WorldXMLReader.h" ex="false" tool="3" flavor2="0">
      </item>
      <item path="main.c" ex="false" tool="0" flavor2="0">
      </item>
    </conf>
  </confs>
</configurationDescriptor>
